{
  "criteria": {
    "defeat_leader_galavan": {
      "conditions": {
        "count": 1,
        "entity": {
          "type": null
        },
        "trainer_ids": [
          "leader_galavan_05af"
        ],
        "trainer_type": null
      },
      "trigger": "rctmod:defeat_count"
    }
  },
  "display": {
    "announce_to_chat": true,
    "background": null,
    "description": {
      "text": "Defeat Leader Galavan"
    },
    "frame": "goal",
    "hidden": false,
    "icon": {
      "id": "cobblemonpokemonbadges:bolt_badge"
    },
    "show_toast": true,
    "title": {
      "text": "Battery Badge"
    }
  },
  "parent": "rctmod:trainers/defeat_rival_wayne_3",
  "requirements": [
    [
      "defeat_leader_galavan"
    ]
  ]
}