{
  "type": "minecraft:jigsaw",
  "biomes": [
    "minecraft:badlands",
    "minecraft:bamboo_jungle",
    "minecraft:basalt_deltas",
    "minecraft:birch_forest",
    "minecraft:crimson_forest",
    "minecraft:dark_forest",
    "minecraft:desert",
    "minecraft:dripstone_caves",
    "minecraft:end_barrens",
    "minecraft:end_highlands",
    "minecraft:end_midlands",
    "minecraft:eroded_badlands",
    "minecraft:flower_forest",
    "minecraft:forest",
    "minecraft:grove",
    "minecraft:ice_spikes",
    "minecraft:jagged_peaks",
    "minecraft:jungle",
    "minecraft:lush_caves",
    "minecraft:mangrove_swamp",
    "minecraft:meadow",
    "minecraft:mushroom_fields",
    "minecraft:nether_wastes",
    "minecraft:old_growth_birch_forest",
    "minecraft:old_growth_pine_taiga",
    "minecraft:old_growth_spruce_taiga",
    "minecraft:plains",
    "minecraft:savanna",
    "minecraft:savanna_plateau",
    "minecraft:small_end_islands",
    "minecraft:snowy_plains",
    "minecraft:snowy_slopes",
    "minecraft:snowy_taiga",
    "minecraft:soul_sand_valley",
    "minecraft:sparse_jungle",
    "minecraft:stony_peaks",
    "minecraft:stony_shore",
    "minecraft:sunflower_plains",
    "minecraft:swamp",
    "minecraft:taiga",
    "minecraft:the_end",
    "minecraft:the_void",
    "minecraft:warped_forest",
    "minecraft:windswept_forest",
    "minecraft:windswept_gravelly_hills",
    "minecraft:windswept_hills",
    "minecraft:windswept_savanna",
    "minecraft:wooded_badlands"
  ],
  "step": "surface_structures",
  "spawn_overrides": {},
  "start_pool": "pokeloot:masterball",
  "size": 7,
  "terrain_adaptation": "beard_thin",
  "start_height": {
    "absolute": 0
  },
  "project_start_to_heightmap": "WORLD_SURFACE_WG",
  "max_distance_from_center": 80,
  "use_expansion_hack": false
}